{"cameraMode":{"drawMode":31,"name":"Sprite Mask","section":"Miscellaneous"},"sceneLighting":true,"audioPlay":false,"sceneViewState":{"showFog":true,"showMaterialUpdate":true,"showSkybox":true,"showFlares":true,"showImageEffects":true,"showParticleSystems":true},"in2DMode":false,"pivot":{"x":-2.451122283935547,"y":-1.9814856052398682,"z":0.5234375},"rotation":{"x":-0.013499575667083264,"y":0.0014998624101281167,"z":0.00002024937748501543,"w":0.9999077916145325},"size":16.65009880065918,"orthographic":true}