{"cameraMode":{"drawMode":31,"name":"Sprite Mask","section":"Miscellaneous"},"sceneLighting":true,"audioPlay":false,"sceneViewState":{"showFog":true,"showMaterialUpdate":true,"showSkybox":true,"showFlares":true,"showImageEffects":true,"showParticleSystems":true},"in2DMode":false,"pivot":{"x":0.6303489208221436,"y":3.4625024795532228,"z":0.08898305892944336},"rotation":{"x":0.23837511241436006,"y":-0.07856317609548569,"z":0.019351549446582795,"w":0.9677968621253967},"size":5.735186576843262,"orthographic":true}