{"cameraMode":{"drawMode":31,"name":"Sprite Mask","section":"Miscellaneous"},"sceneLighting":false,"audioPlay":false,"sceneViewState":{"showFog":true,"showMaterialUpdate":true,"showSkybox":true,"showFlares":true,"showImageEffects":true,"showParticleSystems":true},"in2DMode":false,"pivot":{"x":0.02499997615814209,"y":17.994998931884767,"z":-3.065000057220459},"rotation":{"x":0.17124274373054505,"y":0.4824855327606201,"z":-0.09680045396089554,"w":0.8535298705101013},"size":11.467137336730957,"orthographic":true}