{"cameraMode":{"drawMode":31,"name":"Sprite Mask","section":"Miscellaneous"},"sceneLighting":true,"audioPlay":false,"sceneViewState":{"showFog":true,"showMaterialUpdate":true,"showSkybox":true,"showFlares":true,"showImageEffects":true,"showParticleSystems":true},"in2DMode":false,"pivot":{"x":0.02499997615814209,"y":20.494998931884767,"z":-3.065000057220459},"rotation":{"x":0.07043654471635819,"y":-0.011969903483986855,"z":0.0008452581241726875,"w":0.9974440932273865},"size":10.997407913208008,"orthographic":true}